Animals,Flowers,Countries,Birds,Names
Aardvark,African Daisy,Afghanistan,accentor,Aaliyah
African Elephant,Angel Wings,Albania,adjutant,Aarya
African Tree Pangolin,Annual mallow,Algeria,albatross,Abby
Albatross,Annual Phlox,Andorra,alethe,Abigail
Alligator,Blanket flower,Angola,anhinga,Ada
Alpaca,Blue Floss,Antigua and Barbuda,ani,Adalee
Anaconda,Blue Marguerite,Argentina,antbird,Adaline
Angel Fish,Bush Violet,Armenia,antpitta,Adalyn
Ant,Butter daisy,Austria,antshrike,Adalynn
Anteater,Buzzy Lizzy,Azerbaijan,antthrush,Addilyn
Antelope,California Poppy,Bahrain,antwren,Addilynn
Archer Fish,Cape Daisy / African daisy,Bangladesh,apalis,Addison
Armadillo,Cardinal Flower,Barbados,apostlebird,Addisyn
Asian Elephant,Cardinal Flower,Belarus,aracari,Addyson
Atlantic Puffin,Cocksomb,Belgium,argus,Adelaide
Aye-Aye,coleus,Belize,asity,Adele
Arab horse,Corn Poppy,Benin,astrapia,Adelina
Baboon,Cosmos,Bhutan,auk,Adeline
Badger,Crape Myrtle,Bolivia,auklet,Adelyn
Bald Eagle,Creeping Zinnia,Bosnia and Herzegovina,avocet,Adelynn
Bandicoot,Dahlberg Daisy,Botswana,avocetbill,Adley
Bangle Tiger,Everlasting Flower,Brazil,awlbill,Adriana
Barnacle,Fan flower,Brunei,babbler,Adrianna
Barracuda,Fennel,Bulgaria,bananaquit,Aila
Basilisk,Flame nettle,Burkina Faso,barbet,Ailani
Bass,Flower Tobacco,Burundi,barbthroat,Aileen
Basset Hound,forget me not,Cabo Verde,bare-eye,Ainhoa
Bat,Four O clock,Cambodia,bateleur,Ainsley
Bearded Dragon,Fuchsia,Cameroon,batis,Aisha
Beaver,Fuchsia,Canada,baza,Aislinn
Bee,Garden balsam,Central African Republic,bee-eater,Aitana
Beetle,Garden stock,Chad,bellbird,Alaia
Beluga Whale,Geranium,Channel Islands,bernieria,Alaina
Bird,Gerbera daisy,Chile,berrypecker,Alaiya
Big-horned sheep,Globe Amaranth,China,besra,Alana
Bird of paradise,Godetia,Colombia,bird-of-paradise,Alani
Bison,Golden corydalis,Comoros,bittern,Alanna
Billy goat,Indian blanket,Congo,blackbird,Alaya
Black Bear,Jewelweed,Costa Rica,blackcap,Alayah
Black Fly,Lisianthus,Côte d'Ivoire,blackeye,Alayna
Black Rhino,Love in a mist,Croatia,bleeding-heart,Aleah
Black Footed Rhino,love lies bleeding,Cuba,blossomcrown,Aleena
Black Widow Spider,Mexican Sunflower,Cyprus,bluebill,Alejandra
Blackbird,Million bells,Czech Republic,bluebird,Alena
Blowfish,Morning Glory,Denmark,bluethroat,Alessandra
Blue Jay,Moss Rose,Djibouti,boatbill,Alessia
Blue Whale,New guinea impatiens,Dominica,bobolink,Alexa
Boa,New guinea impatiens,Dominican Republic,bobwhite,Alexandra
Boar,Pansy,DR Congo,bokmakierie,Alexandria
Bob-Cat,Paper Daisy,Ecuador,boobook,Alexia
Bonobo,Parsley,Egypt,booby,Alexis
Bottle-Nose dolphin,Perennial Flax,El Salvador,bowerbird,Alia
Bornean Orang-utan,Petunia,Equatorial Guinea,brambling,Aliana
Boxer dog,Petunia,Eritrea,brilliant,Alianna
Brown Bear,pincushion flower,Estonia,bristlebill,Alice
Buck,Pink Dianthus,Eswatini,bristlebird,Alicia
Budgie,Polka Dot Plant,Ethiopia,bristlefront,Alina
Buffalo,Rex Begonia,Faeroe Islands,bristlehead,Alison
Bull,Rocket larkspur,Finland,broadbill,Alisson
Bull frog,Snapdragon,France,bronzewing,Alivia
Bull Mastiff,Spider flower,French Guiana,brushturkey,Aliya
Butterfly,Spinach,Gabon,bufflehead,Aliyah
Buzzard,Sunflower,Gambia,bulbul,Aliza
Border Collie,Swan river daisy,Georgia,bullfinch,Allie
Caribou,Swedish ivy,Germany,bunting,Allison
Cheetah,Sweet alyssum,Ghana,bushchat,Allyson
Common Dolphin,Sweet Pea,Gibraltar,bush-hen,Alma
Common seal,Sweet William,Greece,bushshrike,Alondra
Caiman lizard,Tobacco Plant,Grenada,bushtit,Alora
Camel,Tuberous Begonia,Guatemala,bustard,Alyssa
Canary,White horehound,Guinea,butcherbird,Amaia
Carp,Wishbone flower,Guinea-Bissau,buttonquail,Amalia
Cat,Wishbone Flower,Guyana,buzzard,Amanda
Caterpillar,Yellow wood sorrel,Haiti,cachalote,Amani
Cattle,Achillea millefolium,Holy See,cacique,Amara
Catfish,African Daisy,Honduras,camaroptera,Amari
Chameleon,Agapanthus,Hong Kong,canastero,Amaris
Centipede,Ageratum houstonianum,Hungary,canvasback,Amaya
Chicken,Allium bisceptrum,Iceland,capercaillie,Amayah
Chimpanzee,Alstromeria,India,caracara,Amber
Chihuahua,Amaranthus,Indonesia,cardinal,Amelia
Chinchilla,Anchusa,Iran,carib,Amelie
Chipmunk,Anemone,Iraq,cassowary,Amina
Clam,Aster,Ireland,catbird,Amira
Chupacabra,Astilbe Flower,Isle of Man,chachalaca,Amirah
Clown Fish,Aurinia saxatillis,Israel,chaffinch,Amiyah
Cobra,Baby's Breath,Italy,chat,Amora
Cocker Spaniel,Bachelor's Button,Jamaica,chickadee,Amoura
Cockatiel,Bearded Iris,Japan,chicken,Amy
Cockatoo,Bee Balm,Jordan,chiffchaff,Ana
Cockroach,Begonia,Kazakhstan,chlorophonia,Anahi
Cod,Belladonna Lily,Kenya,chough,Anais
Coho,Bellflower,Kuwait,chuck-will's-widow,Analia
Corn Snake,Bellis perennis,Kyrgyzstan,cicadabird,Anastasia
Cougar,Bergenia,Laos,cinclodes,Anaya
Cow,Bidens gardneri,Latvia,cisticola,Andi
Coyote,Black-Eyed Susan,Lebanon,cochoa,Andrea
Crab,Blackberry Lily,Lesotho,cock-of-the-rock,Angel
Crane,Blanket Flower,Liberia,comet,Angela
Crawfish,Bleeding Heart,Libya,condor,Angelica
Cray fish,Blue Butterfly Bush,Liechtenstein,conebill,Angelina
Cricket,Blue-Eyed Grass,Lithuania,coot,Angie
Crocodile,Bracteantha bracteata,Luxembourg,coquette,Anika
Crow,Browallia americana,Macao,cormorant,Aniya
Cuckoo bird,Bush Morning Glory,Madagascar,coronet,Aniyah
Cuttle fish,Butterfly Bush,Malawi,cotinga,Anna
Deer,Calendula,Malaysia,coua,Annabella
Dog,California Poppy,Maldives,coucal,Annabelle
Du-gong,Campanula latifolia,Mali,courser,Annalise
Dalmation,Cardinal Flower,Malta,cowbird,Anne
Dacshund,Carnation Flower,Mauritania,crab-plover,Annie
Damsel fly,Catmint,Mauritius,crake,Annika
Dart Frog,Cherry Bush,Mayotte,crane,Ansley
Devi Fish (Giant Sting ray),Chrysanthemum,Mexico,creeper,Antonella
Diamond back rattler,Clematis,Moldova,crombec,Anya
Dik-dik,Columbine,Monaco,crossbill,April
Dingo,Coral Bells,Mongolia,crow,Arabella
Dinosaur,Coreopsis,Montenegro,cuckoo,Araceli
Doberman Pinscher,Cranesbill,Morocco,cuckoo-dove,Ari
Dodo bird,Creeping Forget Me Not,Mozambique,cuckoo-hawk,Aria
Dolphin,Creeping Phlox,Myanmar,cuckooshrike,Ariah
Dolly Varden,Creeping Zinnia,Namibia,curassow,Ariana
Donkey,Crocosmia lucifer,Nepal,curlew,Arianna
Door mouse,Crocus longiflorus,Netherlands,currawong,Ariel
Dormouse,Daffodil,Nicaragua,darter,Ariella
Draft horse,Dahlia,Niger,dickcissel,Arielle
Dove,Daisy Flower,Nigeria,dipper,Ariya
Dragonfly,Daphne odora,North Korea,dodo,Ariyah
Drake,Day Lily,North Macedonia,dollarbird,Armani
Duck,Delphinium,Norway,donacobius,Artemis
Duckbill Platypus,Desert Rose,Oman,dotterel,Arya
Dung beetle,Dianthus,Pakistan,dove,Ashley
Eurasian Lynx,Diascia,Panama,dowitcher,Ashlyn
Eagle,Dietes grandiflora,Paraguay,drongo,Ashlynn
Earthworm,Dutch Iris,Peru,duck,Aspen
Earwig,Echinacea augustifolia,Philippines,dunlin,Aspyn
Echidna,English Daisy,Poland,dunnock,Astrid
Eclectus,English Primrose,Portugal,eagle,Athena
Eel,Erica hirtiflora,Qatar,eagle-owl,Aubree
Egret,Erigeron globellus,Reunion,egret,Aubrey
Elephant,Erysimum,Romania,eider,Aubrie
Elephant Seal,Everlasting Daisy,Russia,elaenia,Aubriella
Elk,Evolvulus glomeratus,Rwanda,‘elepaio,Aubrielle
Emu,Feverfew,Saint Helena,emerald,Audrey
Erne,Fleabane,Saint Kitts and Nevis,emu,August
Falcon,Flowering Crabapple,Saint Lucia,eremomela,Aurelia
Finch,Flowering Dogwood,Saint Vincent and the Grenadines,euphonia,Aurora
Fish,Flowering Peach,San Marino,fairy,Autumn
Firefly,Flowering Quince,Sao Tome & Principe,fairy-bluebird,Ava
Flamingo,Forget Me Nots,Saudi Arabia,fairywren,Avah
Flatworm,Forsythia,Senegal,falcon,Avalynn
Fly,Four O'Clock Flower,Serbia,falconet,Avayah
Ferret,Freesia,Seychelles,fantail,Averi
Fox,French Marigold,Sierra Leone,fernwren,Averie
Fresh Water Crocodile,Fuji Cherry Bush,Singapore,fieldfare,Avery
Frog,Fuschia,Slovakia,figbird,Aviana
Galapagos Land Iguana,Gaillardia grandiflora,Slovenia,finch,Avianna
Galapagos Tortoise,Gardenia,Somalia,finfoot,Aya
Gazelle,Gentian Violet,South Africa,fireback,Ayla
Giant Anteater,Geranium,South Korea,firecrown,Ayleen
Giant panda,Gerbera,South Sudan,firefinch,Aylin
Giraffe,Gladiolus,Spain,firewood-gatherer,Azalea
Gnat,Goldenrod,Sri Lanka,fiscal,Azariah
Goat,Grape Hyacinth,State of Palestine,flameback,Bailee
Goose,Gypsophila,Sudan,flamingo,Bailey
Gopher,Heather,Suriname,flicker,Barbara
Gorilla,Hebe Flower,Sweden,florican,Baylee
Grasshopper,Helenium,Switzerland,flowerpecker,Beatrice
Green fly,Helianthemum,Syria,flufftail,Belen
Grey Whale,Heliotrope,Taiwan,flycatcher,Bella
Great White Shark,Hellebore,Tajikistan,foliage-gleaner,Bellamy
Green poison dart frog,Hibiscus,Tanzania,forktail,Belle
Green Sea Turtle,Hollyhock,Thailand,francolin,Berkley
Groundhog,Honesty,The Bahamas,friarbird,Bethany
Hammerhead shark,Honeysuckle,Timor-Leste,frigatebird,Bexley
Hare,Hosta,Togo,frogmouth,Bianca
Hawk,Hyacinth,Trinidad and Tobago,fruiteater,Blair
Hedgehog,Hydrangea,Tunisia,fulmar,Blaire
Heron,Hypericum,Turkey,fulvetta,Blake
Herring,Iberis,Turkmenistan,gadwall,Blakely
Hippopotamus,Ice Plant,Uganda,gallinule,Bonnie
Horse,Iceland Poppy,Ukraine,gallito,Braelyn
Hyena,Ilex,United Arab Emirates,gannet,Braelynn
Hyrax,Impatiens,United Kingdom,garganey,Braylee
Irrawaddy Dolphin,Indigo Plant,United States,gerygone,Bria
Iguana,Ipheon,Uruguay,gnatcatcher,Briana
Iguanodon,Ipomea,Uzbekistan,gnateater,Brianna
Impala,Iris Flower,Venezuela,gnatwren,Briar
Inchworm,Ixia,Vietnam,go-away-bird,Bridget
Insect,Ixora,Western Sahara,godwit,Briella
Jellyfish,Jaborosa Plant,Yemen,goldcrest,Brielle
Jackal,Jacob's Ladder,Zambia,goldeneye,Brinley
Jackrabbit,Jasmine,Zimbabwe,goldenthroat,Bristol
Jaguar,Jonquil,,goldfinch,Brittany
June bug,Kaffir Lily,,goose,Brooke
Kangaroo,Kangaroo Paw,,goshawk,Brooklyn
Killer Whale,Kniphofia,,grackle,Brooklynn
King Cobra,Kolkwitzia,,grassbird,Brylee
Kingfisher,Lady's Slipper Orchid,,grassquit,Brynlee
Koala,Lantana,,grasswren,Brynleigh
Komodo Dragon,Larkspur,,grebe,Brynn
Kookaburra,Lavatera,,greenbul,Cadence
Krill,Lavender,,greenfinch,Cali
Lama,Lechenaultia,,greenshank,Callie
Lamb,Leucanthemum,,grenadier,Calliope
Lancelet,Lilac,,grosbeak,Cameron
Leatherback sea turtle,Lily,,grouse,Camila
Leech,Lily of the Valley,,guan,Camilla
Lemming,Linaria japonica,,guillemot,Camille
Lemur,Lobelia,,guineafowl,Camryn
Leopard,Lonicera heckrottii,,gull,Capri
Lice,Lotus,,hamerkop,Cara
Lion,Lunaria redviva,,hardhead,Carly
Lionfish,Lupin,,harrier,Carmen
Llama,Magnolia,,harrier-hawk,Carolina
Lobster,Malva,,hawfinch,Caroline
Lynx,Marigold,,hawk,Carolyn
Manatee,Matthiola,,hawk-eagle,Carter
Man-Of-War,Meadowsweet,,hawk-owl,Cassandra
Mantis,Meconopsis,,helmetcrest,Cassidy
Marmot,Mimosa regina,,helmetshrike,Cataleya
Marsupials,Mock Orange,,hermit,Catalina
Meerkat,Monarda,,heron,Catherine
Mink,Monbretia,,hillstar,Cecelia
Mole,Monk's Hood,,hoatzin,Cecilia
Mollusks,Moonflower,,hobby,Celeste
Monarch Butterfly,Morning Glory,,honeybird,Celia
Mongoose,Moss Rose,,honeycreeper,Celine
Monkey,Narcissus,,honeyeater,Chana
Moose,Nasturtium,,honeyguide,Chandler
Mountain Lion,Nemesia,,hoopoe,Chanel
Mouse,Nemophila,,hoopoe-lark,Charlee
Mule,Nepeta sibirica,,hornbill,Charleigh
Muskox,Nerine bowdenii,,hornero,Charley
Muskrat,Nerium,,hummingbird,Charli
Naked Mole Rat,Nicotiana,,hypocolius,Charlie
Narwhal,Oenethera,,ibis,Charlotte
Nautilus,Orchid,,ibisbill,Chaya
Newt,Oriental Lily,,iiwi,Chelsea
Ocelot,Oriental Poppy,,illadopsis,Cheyenne
Octopus,Ornamental Onion,,inca,Chloe
Opossum,Osteospermum,,iora,Christina
Orangutan,Ox Eye Daisy,,jabiru,Claire
Orca,Painted Daisy,,jacamar,Clara
Osprey,Pansy Flower,,jacana,Clare
Ostrich,Passion Flower,,jackdaw,Clarissa
Otter,Peace Lily,,jacobin,Clementine
Owl,Pearl Bush,,jaeger,Cleo
Ox,Pelargonium,,jay,Colette
Panda,Penstemon rupicola,,jewelfront,Collins
Panther,Peony Flower,,junco,Cora
Peacock,Perennial Pea,,junglefowl,Coraline
Pelican,Persian Buttercup,,kagu,Corinne
Penguin,Phlox Flower,,kestrel,Crystal
Pig,Pincushion Flower,,killdeer,Cynthia
Pigeon,Pocket Book Flower,,kingbird,Dahlia
Platypus,Primula,,kingfisher,Daisy
Polar Bear,Quaker Ladies,,kinglet,Dakota
Porcupine,Queen Anne's Lace,,kiskadee,Dalary
Praying Mantis,Queen of the Meadow,,kite,Daleyza
Prawn,Queen's Cup,,kittiwake,Dallas
Puma,Rain Lily,,kiwi,Dani
Quail,Ranunculus asiaticus,,knot,Daniela
Quetzal,Rhodedendron aechmophylum,,koel,Daniella
Rabbit,Rock Geranium,,kōkako,Danielle
Raccoon,Rock Rose,,kookaburra,Danna
Rat,Rondeletia,,korhaan,Daphne
Ray,Rose,,lancebill,Davina
Reindeer,Rose Mallow,,lapwing,Dayana
Rhino,Rose of Sharon,,lark,Deborah
Ringworm,Rudbeckia,,laughingthrush,Delaney
Rhinoceros,Russian Sage,,leafbird,Delilah
Robin,Salvia,,limpkin,Della
Rooster,Saxifragas,,linnet,Demi
Roundworm,Scabiosa,,logrunner,Denise
Salmon,Scarlet Sage,,longbill,Denisse
Salt water alligator,Scented Geranium,,longclaw,Denver
Sandpiper,Scilla,,longspur,Destiny
Seahorse,Scotch Heather,,loon,Diana
Seal,Sea Pink,,lyrebird,Dior
Sea anemone,Sedum,,magpie,Dorothy
Sea Lion,Shasta Daisy,,magpie-lark,Dream
Sea urchin,Showy Colchium,,magpie-robin,Drew
Scallop,Siberian Iris,,maleo,Dulce
Scorpion,Snowdrop,,malkoha,Dylan
Shark,Snowflake,,mallard,Eden
Sheep,Spanish Bluebell,,malleefowl,Edith
Shrimp,Spirea,,manakin,Egypt
Siberian Husky,St,,mango,Eileen
Siberian Tiger,Star of Bethlehem,,martin,Elaina
Skunks,Starflower,,meadowlark,Elaine
Slender Loris,Statice,,megapode,Eleanor
Sloth,Stock Flower,,merganser,Elena
Sloth bear,Strawflower,,merlin,Eliana
Slugs,Sweet Alyssum,,mesia,Elianna
Snails,Sweet William,,mesite,Elina
Snake,Tagetes erecta,,metaltail,Elisa
Snow Hare,Tanacetum parthenium,,miner,Elisabeth
Snow Fox,Thunbergia grandiflorum,,minivet,Elise
Snow Leopard,Thymus serpyllum coccineus,,minla,Eliza
Somali Wild Ass,Tickseed,,mistletoebird,Elizabeth
Sponge,Tiger Lily,,mockingbird,Ella
Spectacled Bear,Toad Lily,,monal,Elle
Squid,Treasure Flower,,monal-partridge,Ellen
Squirrel,Trillium grandiflorum,,monarch,Elliana
Starfish,Tritelia crocea,,monjita,Ellianna
Stork,Tritonia crocata,,monklet,Ellie
Swan,Tropaeolum azureum,,moorhen,Elliot
Swordfish,Tuberose,,motmot,Elliott
Tapir,Urn Plant,,mountaineer,Ellis
Tasmanian Devil,Ursinia calenduliflora,,mountaingem,Ellison
Tiger,Uva Ursi,,mousebird,Elodie
Tadpole,Verbena officinalis,,munia,Eloise
Tamarin,Veronica longifolia,,murre,Elora
Tapeworm,Viburnum,,murrelet,Elsa
Tarantula,Viola Cultivars,,myna,Elsie
Tarpan,Viola odorata,,nativehen,Elyse
Tazmanian devil,Viola sororia,,needletail,Emani
Tazmanian tiger,Viola tri-colour,,nene,Ember
Terrapin,Viola wittrockiana,,nighthawk,Emberly
Tick,Wallflower,,nightingale,Emelia
Tiger shark,Wandflower,,nightjar,Emely
Tortoise,Water Hyacinth,,niltava,Emerald
Trout,Water Lily,,noddy,Emerie
Turkey,Watsonia,,nothura,Emerson
Turtle,Wedelia,,nunbird,Emersyn
Uakari,Weigela,,nunlet,Emery
Umbrella bird,Whirling Butterflies,,nutcracker,Emilia
Urchin,Wild Rose,,nuthatch,Emily
Urutu,Windflower,,oilbird,Emma
Vicuna,Winter Daffodil,,openbill,Emmaline
Viper,Wisteria chinensis,,oriole,Emmalyn
Vulture,Xanthoceras sorbifolium,,oropendola,Emmalynn
Vampire bat,Xeranthemum,,osprey,Emmeline
Velociraptor,Xerophyllum,,ostrich,Emmie
Vole,Xylobium,,ouzel,Emmy
Viper Fish,Xyris difformis,,ovenbird,Emory
Velvet worm,Yarrow,,owl,Ensley
Vervet,Yellow Bell,,oxpecker,Erin
Walrus,Yellow Eyed Grass,,oystercatcher,Esme
Warbler,Zenobia,,painted-snipe,Esmeralda
Warthog,Zephyranthes,,palmchat,Esperanza
Wasp,Zinnia elegans,,pardalote,Estella
Water Buffalo,,,parrotbill,Estelle
Water Dragons,,,parrotfinch,Esther
Wallaby,,,partridge,Estrella
Whale,,,parula,Etta
Whale Shark,,,pauraque,Eva
White Rhino,,,peacock-pheasant,Evangeline
Whippet,,,peafowl,Eve
White tailed dear,,,pelican,Evelyn
Whooper,,,penguin,Evelynn
Whooping Crane,,,peppershrike,Everlee
Weasel,,,petrel,Everleigh
Weevil,,,petronia,Everly
Wolf,,,pewee,Evie
Wolf Spider,,,phalarope,Ezra
Wolverine,,,pheasant,Faith
Woodchuck,,,phoebe,Fallon
Woodpecker,,,piapiac,Fatima
Widow Spider,,,picathartes,Faye
Wren,,,piclet,Felicity
Wombat,,,piculet,Fernanda
Wildcat,,,piedtail,Finley
Wildebeest,,,pigeon,Fiona
X-ray fish,,,pilotbird,Flora
Yak,,,pintail,Florence
Yellow Bellied Marmot,,,pipit,Frances
Yellow belly sapsucker,,,pitta,Francesca
Yellow finned tuna,,,plains-wanderer,Frankie
Yeti,,,plantain-eater,Freya
Yorkshire terrier,,,plantcutter,Freyja
Zander,,,plover,Frida
Zebra,,,plovercrest,Gabriela
Zebra Finch,,,plumeleteer,Gabriella
Zebra Dove,,,pochard,Gabrielle
Zorilla,,,poorwill,Galilea
Zebu,,,potoo,Gemma
,,,pratincole,Genesis
,,,prinia,Genevieve
,,,prion,Georgia
,,,ptarmigan,Gia
,,,puffbird,Giana
,,,puffin,Gianna
,,,puffleg,Giavanna
,,,pytilia,Giovanna
,,,quail,Giselle
,,,quail-dove,Giuliana
,,,quail-plover,Gloria
,,,quail-thrush,Grace
,,,quelea,Gracelyn
,,,quetzal,Gracelynn
,,,rail,Gracie
,,,raven,Greta
,,,rayadito,Guadalupe
,,,razorbill,Gwen
,,,redhead,Gwendolyn
,,,redpoll,Hadassah
,,,redshank,Hadlee
,,,redstart,Hadleigh
,,,reedling,Hadley
,,,rhea,Hailey
,,,riflebird,Haisley
,,,rifleman,Haley
,,,robin,Halle
,,,rockjumper,Hallie
,,,roller,Halo
,,,rook,Hana
,,,rosefinch,Hanna
,,,ruby,Hannah
,,,ruff,Harlee
,,,sabrewing,Harleigh
,,,saddleback,Harley
,,,saltator,Harlow
,,,sanderling,Harmoni
,,,sandgrouse,Harmony
,,,sandpiper,Harper
,,,sapphire,Hattie
,,,sapsucker,Haven
,,,satinbird,Hayden
,,,scaup,Haylee
,,,schiffornis,Hayley
,,,scimitarbill,Hazel
,,,scoter,Heaven
,,,screamer,Heidi
,,,scrubbird,Helen
,,,scrubfowl,Helena
,,,scrubwren,Henley
,,,scythebill,Holland
,,,secretarybird,Holly
,,,seedeater,Hope
,,,seedsnipe,Hunter
,,,seriema,Ila
,,,shag,Iliana
,,,sharpbill,Imani
,,,sheartail,Indie
,,,shearwater,Irene
,,,sheathbill,Iris
,,,sheldgoose,Isabel
,,,shelduck,Isabela
,,,shikra,Isabella
,,,shoebill,Isabelle
,,,shortwing,Isla
,,,shoveler,Itzayana
,,,shrike,Itzel
,,,shrike-thrush,Ivanna
,,,shrike-tit,Ivory
,,,sibia,Ivy
,,,sicklebill,Iyla
,,,silktail,Izabella
,,,silvereye,Jacqueline
,,,siskin,Jada
,,,sittella,Jade
,,,skimmer,Jaelynn
,,,skua,Jaliyah
,,,skylark,Jamie
,,,smew,Jane
,,,snipe,Janelle
,,,snowcap,Janiyah
,,,snowcock,Jasmine
,,,snowfinch,Jaycee
,,,solitaire,Jayda
,,,songlark,Jayla
,,,sora,Jaylah
,,,spadebill,Jaylee
,,,sparrow,Jayleen
,,,sparrowhawk,Jaylin
,,,spatuletail,Jazlyn
,,,spinebill,Jazmin
,,,spinetail,Jazmine
,,,spinifexbird,Jemma
,,,spoonbill,Jenesis
,,,spurfowl,Jenna
,,,starfrontlet,Jennifer
,,,starling,Jessica
,,,starthroat,Jessie
,,,stilt,Jianna
,,,stint,Jillian
,,,stitchbird,Jimena
,,,stonechat,Joanna
,,,stone-curlew,Jocelyn
,,,stork,Joelle
,,,streamertail,Johanna
,,,sugarbird,Jolene
,,,sunangel,Jolie
,,,sunbeam,Jordan
,,,sunbird,Jordyn
,,,sunbird-asity,Josephine
,,,sunbittern,Josie
,,,sungem,Journee
,,,sungrebe,Journey
,,,surfbird,Journi
,,,swallow,Jovie
,,,swamphen,Joy
,,,swan,Joyce
,,,swift,Judith
,,,swiftlet,Julia
,,,sylph,Juliana
,,,tailorbird,Julianna
,,,takahē,Julie
,,,tanager,Juliet
,,,tapaculo,Julieta
,,,tattler,Juliette
,,,tchagra,Julissa
,,,teal,June
,,,tern,Juniper
,,,thick-knee,Justice
,,,thornbill,Kadence
,,,thorntail,Kai
,,,thrasher,Kaia
,,,thrush,Kailani
,,,tinamou,Kailey
,,,tinkerbird,Kairi
,,,tit,Kaisley
,,,titmouse,Kaitlyn
,,,tody,Kaiya
,,,tody-flycatcher,Kalani
,,,topaz,Kali
,,,toucan,Kaliyah
,,,toucanet,Kallie
,,,towhee,Kamari
,,,tragopan,Kamila
,,,trainbearer,Kamilah
,,,treecreeper,Kamiyah
,,,treeswift,Kamryn
,,,trembler,Kara
,,,triller,Karen
,,,trogon,Karina
,,,tropicbird,Karla
,,,trumpeter,Karsyn
,,,tui,Karter
,,,turaco,Kassidy
,,,turkey,Kataleya
,,,turnstone,Katalina
,,,twinspot,Kate
,,,tyrannulet,Katelyn
,,,tyrant,Katherine
,,,umbrellabird,Kathryn
,,,vanga,Katie
,,,veery,Kaydence
,,,velvetbreast,Kayla
,,,verdin,Kaylani
,,,violetear,Kaylee
,,,vireo,Kayleigh
,,,visorbearer,Kaylie
,,,vulture,Kehlani
,,,wagtail,Keilani
,,,wallcreeper,Keily
,,,warbler,Keira
,,,watercock,Kelly
,,,waterhen,Kelsey
,,,waterthrush,Kendall
,,,wattlebird,Kendra
,,,wattle-eye,Kenia
,,,waxbill,Kenna
,,,waxwing,Kennedi
,,,weaver,Kennedy
,,,weebill,Kensley
,,,weka,Kenzie
,,,wheatear,Keyla
,,,whimbrel,Khalani
,,,whipbird,Khaleesi
,,,whip-poor-will,Khloe
,,,whistler,Kiana
,,,white-eye,Kiara
,,,whiteface,Kimber
,,,whitethroat,Kimberly
,,,whitetip,Kimora
,,,whydah,Kinley
,,,widowbird,Kinslee
,,,wigeon,Kinsley
,,,willet,Kira
,,,winter,Kora
,,,woodcock,Kori
,,,woodcreeper,Kyla
,,,woodhen,Kylee
,,,woodlark,Kyleigh
,,,woodnymph,Kylie
,,,woodpecker,Kynlee
,,,woodstar,Kyra
,,,woodswallow,Lacey
,,,wren,Laila
,,,wrenthrush,Lainey
,,,wrentit,Lana
,,,wrybill,Landry
,,,wryneck,Laney
,,,xenops,Lara
,,,yellowhammer,Laura
,,,yellowlegs,Laurel
,,,yellownape,Lauren
,,,yellowthroat,Lauryn
,,,yuhina,Layla
,,,,Laylah
,,,,Laylani
,,,,Layne
,,,,Lea
,,,,Leah
,,,,Leanna
,,,,Legacy
,,,,Leia
,,,,Leighton
,,,,Leila
,,,,Leilani
,,,,Leilany
,,,,Lena
,,,,Lennon
,,,,Lennox
,,,,Leona
,,,,Leslie
,,,,Lexi
,,,,Lexie
,,,,Leyla
,,,,Lia
,,,,Liana
,,,,Liberty
,,,,Lila
,,,,Lilah
,,,,Lilian
,,,,Liliana
,,,,Lilianna
,,,,Lilith
,,,,Lillian
,,,,Lilliana
,,,,Lillie
,,,,Lilly
,,,,Lily
,,,,Lilyana
,,,,Lina
,,,,Linda
,,,,Liv
,,,,Livia
,,,,Logan
,,,,Lola
,,,,London
,,,,Londyn
,,,,Lorelai
,,,,Lorelei
,,,,Loretta
,,,,Louisa
,,,,Louise
,,,,Lucia
,,,,Luciana
,,,,Lucille
,,,,Lucy
,,,,Luella
,,,,Luisa
,,,,Luna
,,,,Lyanna
,,,,Lydia
,,,,Lyla
,,,,Lylah
,,,,Lyra
,,,,Lyric
,,,,Mabel
,,,,Maci
,,,,Macie
,,,,Mackenzie
,,,,Macy
,,,,Madalyn
,,,,Madalynn
,,,,Maddison
,,,,Madeleine
,,,,Madeline
,,,,Madelyn
,,,,Madelynn
,,,,Madilyn
,,,,Madilynn
,,,,Madison
,,,,Madisyn
,,,,Mae
,,,,Maeve
,,,,Magdalena
,,,,Maggie
,,,,Magnolia
,,,,Maia
,,,,Maisie
,,,,Makayla
,,,,Makenna
,,,,Makenzie
,,,,Malani
,,,,Malaya
,,,,Malayah
,,,,Malaysia
,,,,Maleah
,,,,Malia
,,,,Maliyah
,,,,Mallory
,,,,Mara
,,,,Marceline
,,,,Maren
,,,,Margaret
,,,,Margo
,,,,Margot
,,,,Maria
,,,,Mariah
,,,,Mariam
,,,,Mariana
,,,,Marianna
,,,,Marie
,,,,Marilyn
,,,,Marina
,,,,Marisol
,,,,Marlee
,,,,Marleigh
,,,,Marley
,,,,Marlowe
,,,,Martha
,,,,Mary
,,,,Maryam
,,,,Matilda
,,,,Mavis
,,,,Maxine
,,,,Maya
,,,,Mazikeen
,,,,Mckenna
,,,,Mckenzie
,,,,Mckinley
,,,,Meadow
,,,,Megan
,,,,Meghan
,,,,Meilani
,,,,Melani
,,,,Melanie
,,,,Melany
,,,,Melina
,,,,Melissa
,,,,Melody
,,,,Mercy
,,,,Meredith
,,,,Mia
,,,,Michaela
,,,,Michelle
,,,,Mikaela
,,,,Mikayla
,,,,Mila
,,,,Milan
,,,,Milana
,,,,Milani
,,,,Milena
,,,,Miley
,,,,Millie
,,,,Mina
,,,,Mira
,,,,Miracle
,,,,Miranda
,,,,Miriam
,,,,Molly
,,,,Monica
,,,,Monroe
,,,,Morgan
,,,,Murphy
,,,,Mya
,,,,Myla
,,,,Mylah
,,,,Myra
,,,,Nadia
,,,,Nala
,,,,Nalani
,,,,Nancy
,,,,Naomi
,,,,Natalia
,,,,Natalie
,,,,Nataly
,,,,Natasha
,,,,Nathalia
,,,,Nathalie
,,,,Navy
,,,,Naya
,,,,Nayeli
,,,,Nellie
,,,,Nevaeh
,,,,Nia
,,,,Nicole
,,,,Nina
,,,,Noa
,,,,Noah
,,,,Noelle
,,,,Noemi
,,,,Nola
,,,,Noor
,,,,Nora
,,,,Norah
,,,,Nova
,,,,Novah
,,,,Novalee
,,,,Nyla
,,,,Nylah
,,,,Nyomi
,,,,Oaklee
,,,,Oakleigh
,,,,Oakley
,,,,Oaklyn
,,,,Oaklynn
,,,,Octavia
,,,,Olive
,,,,Olivia
,,,,Opal
,,,,Ophelia
,,,,Paige
,,,,Paislee
,,,,Paisleigh
,,,,Paisley
,,,,Paityn
,,,,Palmer
,,,,Paloma
,,,,Paola
,,,,Paris
,,,,Parker
,,,,Paula
,,,,Paulina
,,,,Payton
,,,,Pearl
,,,,Penelope
,,,,Penny
,,,,Persephone
,,,,Peyton
,,,,Phoebe
,,,,Phoenix
,,,,Piper
,,,,Poppy
,,,,Presley
,,,,Princess
,,,,Priscilla
,,,,Promise
,,,,Queen
,,,,Quinn
,,,,Rachel
,,,,Raegan
,,,,Raelyn
,,,,Raelynn
,,,,Raina
,,,,Ramona
,,,,Raquel
,,,,Raven
,,,,Raya
,,,,Rayna
,,,,Rayne
,,,,Reagan
,,,,Rebecca
,,,,Rebekah
,,,,Reese
,,,,Regina
,,,,Reign
,,,,Reina
,,,,Remi
,,,,Remington
,,,,Remy
,,,,Renata
,,,,Reyna
,,,,Rhea
,,,,Riley
,,,,River
,,,,Rivka
,,,,Robin
,,,,Romina
,,,,Rory
,,,,Rosa
,,,,Rosalee
,,,,Rosalia
,,,,Rosalie
,,,,Rosalyn
,,,,Rose
,,,,Roselyn
,,,,Rosemary
,,,,Rosie
,,,,Rowan
,,,,Royal
,,,,Royalty
,,,,Ruby
,,,,Ruth
,,,,Ryan
,,,,Ryann
,,,,Rylan
,,,,Rylee
,,,,Ryleigh
,,,,Rylie
,,,,Sabrina
,,,,Sadie
,,,,Sage
,,,,Saige
,,,,Salem
,,,,Samantha
,,,,Samara
,,,,Samira
,,,,Saoirse
,,,,Sara
,,,,Sarah
,,,,Sarai
,,,,Sariah
,,,,Sariyah
,,,,Sasha
,,,,Savanna
,,,,Savannah
,,,,Sawyer
,,,,Saylor
,,,,Scarlet
,,,,Scarlett
,,,,Scarlette
,,,,Scout
,,,,Selah
,,,,Selena
,,,,Selene
,,,,Serena
,,,,Serenity
,,,,Sevyn
,,,,Shay
,,,,Shelby
,,,,Shiloh
,,,,Siena
,,,,Sienna
,,,,Sierra
,,,,Simone
,,,,Sky
,,,,Skye
,,,,Skyla
,,,,Skylar
,,,,Skyler
,,,,Sloan
,,,,Sloane
,,,,Sofia
,,,,Sophia
,,,,Sophie
,,,,Stella
,,,,Stephanie
,,,,Stevie
,,,,Stormi
,,,,Summer
,,,,Sunny
,,,,Sutton
,,,,Sydney
,,,,Sylvia
,,,,Sylvie
,,,,Talia
,,,,Tatum
,,,,Taylor
,,,,Teagan
,,,,Teresa
,,,,Tessa
,,,,Thalia
,,,,Thea
,,,,Theodora
,,,,Tiana
,,,,Tiffany
,,,,Tinsley
,,,,Tori
,,,,Treasure
,,,,Trinity
,,,,Vada
,,,,Valentina
,,,,Valeria
,,,,Valerie
,,,,Valery
,,,,Vanessa
,,,,Veda
,,,,Vera
,,,,Veronica
,,,,Victoria
,,,,Vienna
,,,,Violet
,,,,Violeta
,,,,Violette
,,,,Virginia
,,,,Vivian
,,,,Viviana
,,,,Vivienne
,,,,Waverly
,,,,Whitley
,,,,Whitney
,,,,Willa
,,,,Willow
,,,,Winnie
,,,,Winter
,,,,Wren
,,,,Wrenley
,,,,Wynter
,,,,Ximena
,,,,Xiomara
,,,,Yamileth
,,,,Yara
,,,,Yareli
,,,,Yaretzi
,,,,Yasmin
,,,,Zahra
,,,,Zainab
,,,,Zaniyah
,,,,Zara
,,,,Zaria
,,,,Zariah
,,,,Zariyah
,,,,Zaylee
,,,,Zelda
,,,,Zendaya
,,,,Zhuri
,,,,Zoe
,,,,Zoey
,,,,Zoie
,,,,Zola
,,,,Zora
,,,,Zoya
,,,,Zuri
,,,,Aarav
,,,,Aaron
,,,,Abdiel
,,,,Abdullah
,,,,Abel
,,,,Abner
,,,,Abraham
,,,,Abram
,,,,Ace
,,,,Adam
,,,,Adan
,,,,Aden
,,,,Adler
,,,,Adonis
,,,,Adrian
,,,,Adriel
,,,,Ahmad
,,,,Ahmed
,,,,Ahmir
,,,,Aidan
,,,,Aiden
,,,,Alan
,,,,Alaric
,,,,Albert
,,,,Alberto
,,,,Alden
,,,,Aldo
,,,,Alec
,,,,Alejandro
,,,,Alessandro
,,,,Alex
,,,,Alexander
,,,,Alexis
,,,,Alfred
,,,,Alfredo
,,,,Ali
,,,,Alijah
,,,,Alistair
,,,,Allan
,,,,Allen
,,,,Alonso
,,,,Alonzo
,,,,Alvaro
,,,,Alvin
,,,,Amari
,,,,Ambrose
,,,,Ameer
,,,,Amias
,,,,Amir
,,,,Amos
,,,,Anakin
,,,,Ander
,,,,Anders
,,,,Anderson
,,,,Andre
,,,,Andres
,,,,Andrew
,,,,Andy
,,,,Angel
,,,,Angelo
,,,,Anthony
,,,,Antonio
,,,,Apollo
,,,,Archer
,,,,Archie
,,,,Ares
,,,,Ari
,,,,Arian
,,,,Ariel
,,,,Aries
,,,,Arjun
,,,,Arlo
,,,,Armando
,,,,Armani
,,,,Aron
,,,,Arthur
,,,,Arturo
,,,,Aryan
,,,,Asa
,,,,Asher
,,,,Ashton
,,,,Atlas
,,,,Atreus
,,,,Atticus
,,,,August
,,,,Augustine
,,,,Augustus
,,,,Austin
,,,,Avery
,,,,Avi
,,,,Axel
,,,,Axl
,,,,Axton
,,,,Ayaan
,,,,Ayan
,,,,Ayden
,,,,Aydin
,,,,Azariah
,,,,Aziel
,,,,Azrael
,,,,Baker
,,,,Banks
,,,,Barrett
,,,,Baylor
,,,,Bear
,,,,Beau
,,,,Beckett
,,,,Beckham
,,,,Bellamy
,,,,Ben
,,,,Benicio
,,,,Benjamin
,,,,Bennett
,,,,Benson
,,,,Bentlee
,,,,Bentley
,,,,Bishop
,,,,Bjorn
,,,,Blaine
,,,,Blaise
,,,,Blake
,,,,Blaze
,,,,Bo
,,,,Bobby
,,,,Bode
,,,,Boden
,,,,Bodhi
,,,,Bodie
,,,,Boone
,,,,Boston
,,,,Bowen
,,,,Braden
,,,,Bradley
,,,,Brady
,,,,Brandon
,,,,Branson
,,,,Brantley
,,,,Braxton
,,,,Brayan
,,,,Brayden
,,,,Braylen
,,,,Braylon
,,,,Brecken
,,,,Brendan
,,,,Brennan
,,,,Brett
,,,,Brian
,,,,Briar
,,,,Bridger
,,,,Briggs
,,,,Brixton
,,,,Brock
,,,,Brodie
,,,,Brody
,,,,Bronson
,,,,Brooks
,,,,Bruce
,,,,Bruno
,,,,Bryan
,,,,Bryant
,,,,Bryce
,,,,Brycen
,,,,Bryson
,,,,Byron
,,,,Cade
,,,,Caden
,,,,Caiden
,,,,Cain
,,,,Cairo
,,,,Cal
,,,,Caleb
,,,,Callahan
,,,,Callan
,,,,Callen
,,,,Callum
,,,,Calum
,,,,Calvin
,,,,Camden
,,,,Cameron
,,,,Camilo
,,,,Canaan
,,,,Cannon
,,,,Carl
,,,,Carlos
,,,,Carmelo
,,,,Carson
,,,,Carter
,,,,Case
,,,,Casen
,,,,Casey
,,,,Cash
,,,,Cason
,,,,Caspian
,,,,Cassius
,,,,Castiel
,,,,Cayden
,,,,Cayson
,,,,Cedric
,,,,Cesar
,,,,Chaim
,,,,Chance
,,,,Chandler
,,,,Charles
,,,,Charlie
,,,,Chase
,,,,Chris
,,,,Christian
,,,,Christopher
,,,,Cillian
,,,,Clark
,,,,Clay
,,,,Clayton
,,,,Clyde
,,,,Cody
,,,,Coen
,,,,Cohen
,,,,Colby
,,,,Cole
,,,,Colin
,,,,Collin
,,,,Colson
,,,,Colt
,,,,Colten
,,,,Colter
,,,,Colton
,,,,Conner
,,,,Connor
,,,,Conor
,,,,Conrad
,,,,Cooper
,,,,Corbin
,,,,Corey
,,,,Cory
,,,,Creed
,,,,Crew
,,,,Cristian
,,,,Crosby
,,,,Cruz
,,,,Cullen
,,,,Curtis
,,,,Cyrus
,,,,Dakari
,,,,Dakota
,,,,Dallas
,,,,Dalton
,,,,Damari
,,,,Damian
,,,,Damien
,,,,Damir
,,,,Damon
,,,,Dane
,,,,Dangelo
,,,,Daniel
,,,,Danny
,,,,Dante
,,,,Darian
,,,,Dariel
,,,,Dario
,,,,Darius
,,,,Darren
,,,,Darwin
,,,,Dash
,,,,Davian
,,,,David
,,,,Davion
,,,,Davis
,,,,Dawson
,,,,Dax
,,,,Daxton
,,,,Dayton
,,,,Deacon
,,,,Dean
,,,,Deandre
,,,,Declan
,,,,Demetrius
,,,,Dennis
,,,,Denver
,,,,Derek
,,,,Derrick
,,,,Desmond
,,,,Devin
,,,,Devon
,,,,Dexter
,,,,Diego
,,,,Dilan
,,,,Dillon
,,,,Dion
,,,,Dior
,,,,Dominic
,,,,Dominick
,,,,Dominik
,,,,Donald
,,,,Donovan
,,,,Dorian
,,,,Douglas
,,,,Drake
,,,,Drew
,,,,Duke
,,,,Duncan
,,,,Dustin
,,,,Dylan
,,,,Easton
,,,,Eddie
,,,,Eden
,,,,Edgar
,,,,Edison
,,,,Eduardo
,,,,Edward
,,,,Edwin
,,,,Eithan
,,,,Eli
,,,,Elian
,,,,Elias
,,,,Eliel
,,,,Eliezer
,,,,Elijah
,,,,Eliseo
,,,,Elisha
,,,,Elliot
,,,,Elliott
,,,,Ellis
,,,,Emanuel
,,,,Emerson
,,,,Emery
,,,,Emiliano
,,,,Emilio
,,,,Emir
,,,,Emmanuel
,,,,Emmett
,,,,Emmitt
,,,,Emory
,,,,Enoch
,,,,Enrique
,,,,Enzo
,,,,Ephraim
,,,,Eric
,,,,Erick
,,,,Erik
,,,,Ermias
,,,,Ernesto
,,,,Esteban
,,,,Ethan
,,,,Eugene
,,,,Evan
,,,,Everest
,,,,Everett
,,,,Ezekiel
,,,,Ezequiel
,,,,Ezra
,,,,Fabian
,,,,Felipe
,,,,Felix
,,,,Fernando
,,,,Finley
,,,,Finn
,,,,Finnegan
,,,,Finnley
,,,,Fisher
,,,,Fletcher
,,,,Flynn
,,,,Ford
,,,,Forest
,,,,Forrest
,,,,Foster
,,,,Fox
,,,,Francis
,,,,Francisco
,,,,Franco
,,,,Frank
,,,,Frankie
,,,,Franklin
,,,,Frederick
,,,,Gabriel
,,,,Gael
,,,,Gage
,,,,Garrett
,,,,Gary
,,,,Gatlin
,,,,Gavin
,,,,Genesis
,,,,George
,,,,Gerald
,,,,Gerardo
,,,,Gianni
,,,,Gideon
,,,,Giovanni
,,,,Gordon
,,,,Grady
,,,,Graham
,,,,Grant
,,,,Graysen
,,,,Grayson
,,,,Gregory
,,,,Grey
,,,,Greyson
,,,,Griffin
,,,,Guillermo
,,,,Gunnar
,,,,Gunner
,,,,Gustavo
,,,,Hakeem
,,,,Hamza
,,,,Hank
,,,,Harlan
,,,,Harlem
,,,,Harley
,,,,Harold
,,,,Harris
,,,,Harrison
,,,,Harry
,,,,Harvey
,,,,Hassan
,,,,Hayden
,,,,Hayes
,,,,Heath
,,,,Hector
,,,,Hendrix
,,,,Henrik
,,,,Henry
,,,,Hezekiah
,,,,Holden
,,,,Houston
,,,,Hudson
,,,,Hugh
,,,,Hugo
,,,,Hunter
,,,,Huxley
,,,,Ian
,,,,Ibrahim
,,,,Idris
,,,,Iker
,,,,Ira
,,,,Isaac
,,,,Isaiah
,,,,Isaias
,,,,Ishaan
,,,,Ismael
,,,,Israel
,,,,Issac
,,,,Ivan
,,,,Izaiah
,,,,Jabari
,,,,Jace
,,,,Jack
,,,,Jackson
,,,,Jacob
,,,,Jacoby
,,,,Jad
,,,,Jaden
,,,,Jadiel
,,,,Jagger
,,,,Jaiden
,,,,Jaime
,,,,Jair
,,,,Jakari
,,,,Jake
,,,,Jakob
,,,,Jakobe
,,,,Jalen
,,,,Jamal
,,,,Jamari
,,,,James
,,,,Jameson
,,,,Jamie
,,,,Jamir
,,,,Jamison
,,,,Jared
,,,,Jase
,,,,Jasiah
,,,,Jason
,,,,Jasper
,,,,Javier
,,,,Jax
,,,,Jaxen
,,,,Jaxon
,,,,Jaxson
,,,,Jaxton
,,,,Jaxtyn
,,,,Jaxx
,,,,Jaxxon
,,,,Jay
,,,,Jayce
,,,,Jayceon
,,,,Jayden
,,,,Jaylen
,,,,Jayson
,,,,Jaziel
,,,,Jedidiah
,,,,Jefferson
,,,,Jeffery
,,,,Jeffrey
,,,,Jensen
,,,,Jeremiah
,,,,Jeremias
,,,,Jeremy
,,,,Jericho
,,,,Jerry
,,,,Jesse
,,,,Jesus
,,,,Jett
,,,,Jimmy
,,,,Joaquin
,,,,Joe
,,,,Joel
,,,,Joey
,,,,Johan
,,,,John
,,,,Johnathan
,,,,Johnny
,,,,Jon
,,,,Jonah
,,,,Jonas
,,,,Jonathan
,,,,Jones
,,,,Jordan
,,,,Jorge
,,,,Jose
,,,,Joseph
,,,,Joshua
,,,,Josiah
,,,,Josue
,,,,Jovanni
,,,,Joziah
,,,,Juan
,,,,Judah
,,,,Jude
,,,,Judson
,,,,Juelz
,,,,Julian
,,,,Julien
,,,,Julio
,,,,Julius
,,,,Junior
,,,,Justice
,,,,Justin
,,,,Kabir
,,,,Kace
,,,,Kade
,,,,Kaden
,,,,Kai
,,,,Kaiden
,,,,Kairo
,,,,Kaiser
,,,,Kaison
,,,,Kaleb
,,,,Kalel
,,,,Kamari
,,,,Kamden
,,,,Kamdyn
,,,,Kameron
,,,,Kamryn
,,,,Kane
,,,,Kannon
,,,,Kareem
,,,,Karson
,,,,Karsyn
,,,,Karter
,,,,Kase
,,,,Kasen
,,,,Kash
,,,,Kashton
,,,,Kason
,,,,Kayden
,,,,Kaysen
,,,,Kayson
,,,,Keanu
,,,,Keaton
,,,,Keegan
,,,,Keenan
,,,,Keith
,,,,Kellan
,,,,Kellen
,,,,Kelvin
,,,,Kendrick
,,,,Kenji
,,,,Kenneth
,,,,Kenzo
,,,,Kevin
,,,,Khalid
,,,,Khalil
,,,,Khari
,,,,Kiaan
,,,,Kian
,,,,Kieran
,,,,Killian
,,,,King
,,,,Kingsley
,,,,Kingston
,,,,Knox
,,,,Koa
,,,,Kobe
,,,,Koda
,,,,Kody
,,,,Kohen
,,,,Kole
,,,,Kolton
,,,,Korbin
,,,,Korbyn
,,,,Krew
,,,,Kristian
,,,,Kristopher
,,,,Kye
,,,,Kylan
,,,,Kyle
,,,,Kylen
,,,,Kyler
,,,,Kylian
,,,,Kylo
,,,,Kyng
,,,,Kyree
,,,,Kyrie
,,,,Kyro
,,,,Kyson
,,,,Lachlan
,,,,Lance
,,,,Landen
,,,,Landon
,,,,Landry
,,,,Landyn
,,,,Lane
,,,,Langston
,,,,Larry
,,,,Lawrence
,,,,Lawson
,,,,Layne
,,,,Layton
,,,,Leandro
,,,,Ledger
,,,,Lee
,,,,Legacy
,,,,Legend
,,,,Leif
,,,,Leighton
,,,,Leland
,,,,Lennon
,,,,Lennox
,,,,Leo
,,,,Leon
,,,,Leonard
,,,,Leonardo
,,,,Leonel
,,,,Leonidas
,,,,Leroy
,,,,Levi
,,,,Lewis
,,,,Liam
,,,,Lian
,,,,Lincoln
,,,,Lionel
,,,,Lochlan
,,,,Logan
,,,,London
,,,,Lorenzo
,,,,Louie
,,,,Louis
,,,,Luca
,,,,Lucas
,,,,Lucca
,,,,Lucian
,,,,Luciano
,,,,Luis
,,,,Luka
,,,,Lukas
,,,,Luke
,,,,Lyric
,,,,Mac
,,,,Mack
,,,,Madden
,,,,Maddox
,,,,Magnus
,,,,Maison
,,,,Major
,,,,Makai
,,,,Malachi
,,,,Malakai
,,,,Malcolm
,,,,Malik
,,,,Manuel
,,,,Marcel
,,,,Marcellus
,,,,Marcelo
,,,,Marco
,,,,Marcos
,,,,Marcus
,,,,Mario
,,,,Mark
,,,,Marley
,,,,Marlon
,,,,Marshall
,,,,Martin
,,,,Marvin
,,,,Mason
,,,,Mateo
,,,,Mathew
,,,,Mathias
,,,,Matias
,,,,Matteo
,,,,Matthew
,,,,Matthias
,,,,Maurice
,,,,Mauricio
,,,,Maverick
,,,,Max
,,,,Maximilian
,,,,Maximiliano
,,,,Maximo
,,,,Maximus
,,,,Maxton
,,,,Maxwell
,,,,Mccoy
,,,,Mekhi
,,,,Melvin
,,,,Memphis
,,,,Messiah
,,,,Micah
,,,,Michael
,,,,Miguel
,,,,Milan
,,,,Miles
,,,,Miller
,,,,Milo
,,,,Misael
,,,,Mitchell
,,,,Mohamed
,,,,Mohammad
,,,,Mohammed
,,,,Moises
,,,,Mordechai
,,,,Morgan
,,,,Moses
,,,,Moshe
,,,,Muhammad
,,,,Murphy
,,,,Musa
,,,,Myles
,,,,Mylo
,,,,Nash
,,,,Nasir
,,,,Nathan
,,,,Nathanael
,,,,Nathaniel
,,,,Nehemiah
,,,,Neil
,,,,Nelson
,,,,Nicholas
,,,,Nico
,,,,Nicolas
,,,,Niklaus
,,,,Niko
,,,,Nikolai
,,,,Nikolas
,,,,Nixon
,,,,Noah
,,,,Noe
,,,,Noel
,,,,Nolan
,,,,Nova
,,,,Oakley
,,,,Ocean
,,,,Odin
,,,,Oliver
,,,,Omar
,,,,Omari
,,,,Onyx
,,,,Orion
,,,,Orlando
,,,,Oscar
,,,,Osiris
,,,,Otis
,,,,Otto
,,,,Owen
,,,,Pablo
,,,,Parker
,,,,Patrick
,,,,Paul
,,,,Paxton
,,,,Pedro
,,,,Peter
,,,,Peyton
,,,,Philip
,,,,Phillip
,,,,Phoenix
,,,,Pierce
,,,,Porter
,,,,Preston
,,,,Prince
,,,,Princeton
,,,,Quentin
,,,,Quincy
,,,,Quinn
,,,,Quinton
,,,,Rafael
,,,,Raiden
,,,,Ramon
,,,,Randy
,,,,Raphael
,,,,Raul
,,,,Ray
,,,,Rayan
,,,,Rayden
,,,,Raylan
,,,,Raymond
,,,,Reece
,,,,Reed
,,,,Reese
,,,,Reginald
,,,,Reid
,,,,Reign
,,,,Remi
,,,,Remington
,,,,Remy
,,,,Rene
,,,,Reuben
,,,,Rex
,,,,Rey
,,,,Rhett
,,,,Rhys
,,,,Ricardo
,,,,Richard
,,,,Ricky
,,,,Ridge
,,,,Riggs
,,,,Riley
,,,,Rio
,,,,River
,,,,Robert
,,,,Roberto
,,,,Robin
,,,,Rocco
,,,,Rocky
,,,,Rodney
,,,,Rodrigo
,,,,Rogelio
,,,,Roger
,,,,Rohan
,,,,Roland
,,,,Roman
,,,,Rome
,,,,Romeo
,,,,Ronald
,,,,Ronan
,,,,Ronin
,,,,Rory
,,,,Rowan
,,,,Rowen
,,,,Roy
,,,,Royal
,,,,Royce
,,,,Ruben
,,,,Rudy
,,,,Russell
,,,,Ryan
,,,,Ryder
,,,,Ryker
,,,,Rylan
,,,,Ryland
,,,,Sage
,,,,Saint
,,,,Salem
,,,,Salvador
,,,,Salvatore
,,,,Sam
,,,,Samir
,,,,Samson
,,,,Samuel
,,,,Santana
,,,,Santiago
,,,,Santino
,,,,Santos
,,,,Saul
,,,,Sawyer
,,,,Scott
,,,,Sean
,,,,Sebastian
,,,,Sergio
,,,,Seth
,,,,Seven
,,,,Shane
,,,,Shawn
,,,,Shepard
,,,,Shepherd
,,,,Shiloh
,,,,Silas
,,,,Simon
,,,,Sincere
,,,,Skyler
,,,,Solomon
,,,,Sonny
,,,,Soren
,,,,Spencer
,,,,Stanley
,,,,Stefan
,,,,Stephen
,,,,Sterling
,,,,Stetson
,,,,Steven
,,,,Sullivan
,,,,Sutton
,,,,Sylas
,,,,Tadeo
,,,,Talon
,,,,Tanner
,,,,Tate
,,,,Tatum
,,,,Taylor
,,,,Terrance
,,,,Terry
,,,,Thaddeus
,,,,Thatcher
,,,,Theo
,,,,Theodore
,,,,Thiago
,,,,Thomas
,,,,Timothy
,,,,Titan
,,,,Titus
,,,,Tobias
,,,,Tomas
,,,,Tommy
,,,,Tony
,,,,Trace
,,,,Travis
,,,,Trent
,,,,Trenton
,,,,Trevor
,,,,Trey
,,,,Tripp
,,,,Tristan
,,,,Tristen
,,,,Troy
,,,,Tru
,,,,Truett
,,,,Tucker
,,,,Turner
,,,,Ty
,,,,Tyler
,,,,Tyson
,,,,Ulises
,,,,Uriah
,,,,Uriel
,,,,Valentin
,,,,Valentino
,,,,Van
,,,,Vance
,,,,Vicente
,,,,Victor
,,,,Vihaan
,,,,Vincent
,,,,Vincenzo
,,,,Wade
,,,,Walker
,,,,Wallace
,,,,Walter
,,,,Warren
,,,,Watson
,,,,Waylon
,,,,Wayne
,,,,Wells
,,,,Wes
,,,,Wesley
,,,,Wesson
,,,,Westin
,,,,Westley
,,,,Weston
,,,,Wilder
,,,,Will
,,,,William
,,,,Willie
,,,,Wilson
,,,,Winston
,,,,Wyatt
,,,,Xander
,,,,Xavier
,,,,Xzavier
,,,,Yahir
,,,,Yehuda
,,,,Yosef
,,,,Yousef
,,,,Yusuf
,,,,Zachariah
,,,,Zachary
,,,,Zahir
,,,,Zaid
,,,,Zaiden
,,,,Zain
,,,,Zaire
,,,,Zakai
,,,,Zander
,,,,Zane
,,,,Zavier
,,,,Zayd
,,,,Zayden
,,,,Zayn
,,,,Zayne
,,,,Zechariah
,,,,Zeke
,,,,Zev
,,,,Zion
,,,,Zyair
,,,,Zyaire
